sample_id,label,source_dataset,generator_family,parent_id,split_group,redistributable,local_path,artifact_raw,artifact_stem,artifact_max,delta_stem_minus_raw
aug_hard_clip_292f38ccdb85fbe7,0,derived:gtzan,bonafide,gtzan:blues.00099,gtzan:blues.00099,False,audio/derived/shifts/aug_hard_clip_292f38ccdb85fbe7.wav,0.12529394030570984,1.2993812561035156e-05,0.12529394030570984,-0.1252809464931488
aug_hard_clip_3b59dccd5aacfa53,0,derived:deepvoice_stress_suite,bonafide_or_mixed,deepvoice_stress_suite:REAL_MUSIC_PIANO,deepvoice_stress_suite:REAL_MUSIC_PIANO,False,audio/derived/shifts/aug_hard_clip_3b59dccd5aacfa53.wav,0.9361091256141663,0.12005424499511719,0.9361091256141663,-0.8160548806190491
aug_mp3_64k_6c29da67125b1e5f,0,derived:gtzan,bonafide,gtzan:blues.00099,gtzan:blues.00099,False,audio/derived/shifts/aug_mp3_64k_6c29da67125b1e5f.wav,0.9917407035827637,5.882978439331055e-05,0.9917407035827637,-0.9916818737983704
aug_mp3_64k_75665a57d788a614,0,derived:deepvoice_stress_suite,bonafide_or_mixed,deepvoice_stress_suite:REAL_MUSIC_PIANO,deepvoice_stress_suite:REAL_MUSIC_PIANO,False,audio/derived/shifts/aug_mp3_64k_75665a57d788a614.wav,0.9999959468841553,0.9995604157447815,0.9999959468841553,-0.0004355311393737793
aug_opus_32k_7bc1938aa806bab7,0,derived:deepvoice_stress_suite,bonafide_or_mixed,deepvoice_stress_suite:REAL_MUSIC_PIANO,deepvoice_stress_suite:REAL_MUSIC_PIANO,False,audio/derived/shifts/aug_opus_32k_7bc1938aa806bab7.wav,0.9999806880950928,0.9998995065689087,0.9999806880950928,-8.118152618408203e-05
aug_opus_32k_c5141b827761942d,0,derived:gtzan,bonafide,gtzan:blues.00099,gtzan:blues.00099,False,audio/derived/shifts/aug_opus_32k_c5141b827761942d.wav,0.0005553662776947021,1.7285346984863281e-06,0.0005553662776947021,-0.0005536377429962158
aug_pink_noise_90dda8b6890c92bd,0,derived:gtzan,bonafide,gtzan:blues.00099,gtzan:blues.00099,False,audio/derived/shifts/aug_pink_noise_90dda8b6890c92bd.wav,0.0008693337440490723,1.9490718841552734e-05,0.0008693337440490723,-0.0008498430252075195
aug_pink_noise_99641b2e7479d9c0,0,derived:deepvoice_stress_suite,bonafide_or_mixed,deepvoice_stress_suite:REAL_MUSIC_PIANO,deepvoice_stress_suite:REAL_MUSIC_PIANO,False,audio/derived/shifts/aug_pink_noise_99641b2e7479d9c0.wav,0.9999812841415405,0.9998233914375305,0.9999812841415405,-0.00015789270401000977
aug_resample_8k_198ed4aabe421037,0,derived:deepvoice_stress_suite,bonafide_or_mixed,deepvoice_stress_suite:REAL_MUSIC_PIANO,deepvoice_stress_suite:REAL_MUSIC_PIANO,False,audio/derived/shifts/aug_resample_8k_198ed4aabe421037.wav,0.9998301267623901,0.9993382096290588,0.9998301267623901,-0.0004919171333312988
aug_resample_8k_5e1641e84ee71ed2,0,derived:gtzan,bonafide,gtzan:blues.00099,gtzan:blues.00099,False,audio/derived/shifts/aug_resample_8k_5e1641e84ee71ed2.wav,0.0009709596633911133,7.408857345581055e-05,0.0009709596633911133,-0.0008968710899353027
aug_reverb_2e5a5865fb4ff7d0,0,derived:deepvoice_stress_suite,bonafide_or_mixed,deepvoice_stress_suite:REAL_MUSIC_PIANO,deepvoice_stress_suite:REAL_MUSIC_PIANO,False,audio/derived/shifts/aug_reverb_2e5a5865fb4ff7d0.wav,0.9999948740005493,0.9999685287475586,0.9999948740005493,-2.6345252990722656e-05
aug_reverb_abbc358ba98fcf6d,0,derived:gtzan,bonafide,gtzan:blues.00099,gtzan:blues.00099,False,audio/derived/shifts/aug_reverb_abbc358ba98fcf6d.wav,0.0018395781517028809,1.9848346710205078e-05,0.0018395781517028809,-0.0018197298049926758
aug_telephone_bd17cad36ce11fc6,0,derived:deepvoice_stress_suite,bonafide_or_mixed,deepvoice_stress_suite:REAL_MUSIC_PIANO,deepvoice_stress_suite:REAL_MUSIC_PIANO,False,audio/derived/shifts/aug_telephone_bd17cad36ce11fc6.wav,0.9291883111000061,0.988089382648468,0.988089382648468,0.058901071548461914
aug_telephone_c7c66fe24f6ad313,0,derived:gtzan,bonafide,gtzan:blues.00099,gtzan:blues.00099,False,audio/derived/shifts/aug_telephone_c7c66fe24f6ad313.wav,6.151199340820312e-05,8.344650268554688e-06,6.151199340820312e-05,-5.316734313964844e-05
deepvoice_stress_suite_9c7fc5086a000b0e,0,deepvoice_stress_suite,bonafide_or_mixed,deepvoice_stress_suite:REAL_MUSIC_PIANO,deepvoice_stress_suite:REAL_MUSIC_PIANO,False,audio/raw/deepvoice_stress_suite/deepvoice_stress_suite_9c7fc5086a000b0e.wav,0.9999836683273315,0.9996976852416992,0.9999836683273315,-0.0002859830856323242
fakemusiccaps_MusicGen_medium_6eeda220673bcfa9,1,fakemusiccaps,musicgen_medium,musiccaps:JlzlNpttvVM,musiccaps:JlzlNpttvVM,True,audio/raw/fakemusiccaps/fakemusiccaps_MusicGen_medium_6eeda220673bcfa9.wav,0.9999967813491821,0.997498095035553,0.9999967813491821,-0.0024986863136291504
fakemusiccaps_MusicGen_medium_bb1060b0e84b0081,1,fakemusiccaps,musicgen_medium,musiccaps:7eZTmLV9gcY,musiccaps:7eZTmLV9gcY,True,audio/raw/fakemusiccaps/fakemusiccaps_MusicGen_medium_bb1060b0e84b0081.wav,0.9983909130096436,0.007734119892120361,0.9983909130096436,-0.9906567931175232
fakemusiccaps_MusicGen_medium_d740bf9fa75b79bc,1,fakemusiccaps,musicgen_medium,musiccaps:kjn6I3AurgE,musiccaps:kjn6I3AurgE,True,audio/raw/fakemusiccaps/fakemusiccaps_MusicGen_medium_d740bf9fa75b79bc.wav,0.9970883727073669,0.9638179540634155,0.9970883727073669,-0.033270418643951416
fakemusiccaps_audioldm2_08f0fe9d6d85af0a,1,fakemusiccaps,audioldm2,musiccaps:JlzlNpttvVM,musiccaps:JlzlNpttvVM,True,audio/raw/fakemusiccaps/fakemusiccaps_audioldm2_08f0fe9d6d85af0a.wav,0.9999521970748901,0.1920146346092224,0.9999521970748901,-0.8079375624656677
fakemusiccaps_audioldm2_2d697abcd84dba0a,1,fakemusiccaps,audioldm2,musiccaps:kjn6I3AurgE,musiccaps:kjn6I3AurgE,True,audio/raw/fakemusiccaps/fakemusiccaps_audioldm2_2d697abcd84dba0a.wav,0.9998227953910828,0.9918051958084106,0.9998227953910828,-0.00801759958267212
fakemusiccaps_audioldm2_a345d6c4ed56befe,1,fakemusiccaps,audioldm2,musiccaps:7eZTmLV9gcY,musiccaps:7eZTmLV9gcY,True,audio/raw/fakemusiccaps/fakemusiccaps_audioldm2_a345d6c4ed56befe.wav,0.916793942451477,0.48438358306884766,0.916793942451477,-0.4324103593826294
fakemusiccaps_musicldm_29aedc1a0d8fb11c,1,fakemusiccaps,musicldm,musiccaps:kjn6I3AurgE,musiccaps:kjn6I3AurgE,True,audio/raw/fakemusiccaps/fakemusiccaps_musicldm_29aedc1a0d8fb11c.wav,0.9969424605369568,0.00028640031814575195,0.9969424605369568,-0.996656060218811
fakemusiccaps_musicldm_731940a0cd671e78,1,fakemusiccaps,musicldm,musiccaps:JlzlNpttvVM,musiccaps:JlzlNpttvVM,True,audio/raw/fakemusiccaps/fakemusiccaps_musicldm_731940a0cd671e78.wav,0.9966365098953247,0.00017178058624267578,0.9966365098953247,-0.996464729309082
fakemusiccaps_musicldm_8c94cdb5ea2d9f50,1,fakemusiccaps,musicldm,musiccaps:7eZTmLV9gcY,musiccaps:7eZTmLV9gcY,True,audio/raw/fakemusiccaps/fakemusiccaps_musicldm_8c94cdb5ea2d9f50.wav,0.9996894598007202,0.9161157608032227,0.9996894598007202,-0.08357369899749756
fakemusiccaps_mustango_2d966451e9121527,1,fakemusiccaps,mustango,musiccaps:7eZTmLV9gcY,musiccaps:7eZTmLV9gcY,True,audio/raw/fakemusiccaps/fakemusiccaps_mustango_2d966451e9121527.wav,0.9978944659233093,0.959423840045929,0.9978944659233093,-0.03847062587738037
fakemusiccaps_mustango_47da983c9686642a,1,fakemusiccaps,mustango,musiccaps:kjn6I3AurgE,musiccaps:kjn6I3AurgE,True,audio/raw/fakemusiccaps/fakemusiccaps_mustango_47da983c9686642a.wav,0.9997424483299255,0.7183290123939514,0.9997424483299255,-0.2814134359359741
fakemusiccaps_mustango_a666131d4f2f37b2,1,fakemusiccaps,mustango,musiccaps:JlzlNpttvVM,musiccaps:JlzlNpttvVM,True,audio/raw/fakemusiccaps/fakemusiccaps_mustango_a666131d4f2f37b2.wav,0.9998315572738647,0.020949125289916992,0.9998315572738647,-0.9788824319839478
fakemusiccaps_stable_audio_open_77a9f35afd4432e8,1,fakemusiccaps,stable_audio_open,musiccaps:JlzlNpttvVM,musiccaps:JlzlNpttvVM,True,audio/raw/fakemusiccaps/fakemusiccaps_stable_audio_open_77a9f35afd4432e8.wav,0.5721679329872131,0.07652813196182251,0.5721679329872131,-0.4956398010253906
fakemusiccaps_stable_audio_open_8f0ecef46915ff60,1,fakemusiccaps,stable_audio_open,musiccaps:7eZTmLV9gcY,musiccaps:7eZTmLV9gcY,True,audio/raw/fakemusiccaps/fakemusiccaps_stable_audio_open_8f0ecef46915ff60.wav,0.9075132012367249,0.00028377771377563477,0.9075132012367249,-0.9072294235229492
fakemusiccaps_stable_audio_open_eca346fa1b62e02f,1,fakemusiccaps,stable_audio_open,musiccaps:kjn6I3AurgE,musiccaps:kjn6I3AurgE,True,audio/raw/fakemusiccaps/fakemusiccaps_stable_audio_open_eca346fa1b62e02f.wav,0.9847729206085205,0.8632873296737671,0.9847729206085205,-0.12148559093475342
gtzan_blues_3e55916625ef2252,0,gtzan,bonafide,gtzan:blues.00099,gtzan:blues.00099,False,audio/raw/gtzan/gtzan_blues_3e55916625ef2252.wav,0.0005269944667816162,3.3974647521972656e-06,0.0005269944667816162,-0.0005235970020294189
gtzan_classical_d3a2956f61fe5775,0,gtzan,bonafide,gtzan:classical.00022,gtzan:classical.00022,False,audio/raw/gtzan/gtzan_classical_d3a2956f61fe5775.wav,0.6932178437709808,0.1747022569179535,0.6932178437709808,-0.5185155868530273
gtzan_country_1332dd879b7daef8,0,gtzan,bonafide,gtzan:country.00011,gtzan:country.00011,False,audio/raw/gtzan/gtzan_country_1332dd879b7daef8.wav,0.9687262177467346,0.00040405988693237305,0.9687262177467346,-0.9683221578598022
gtzan_country_de707cc4963e5dc7,0,gtzan,bonafide,gtzan:country.00044,gtzan:country.00044,False,audio/raw/gtzan/gtzan_country_de707cc4963e5dc7.wav,0.5415256023406982,0.00010091066360473633,0.5415256023406982,-0.5414246916770935
gtzan_disco_9ae9c522a90180df,0,gtzan,bonafide,gtzan:disco.00066,gtzan:disco.00066,False,audio/raw/gtzan/gtzan_disco_9ae9c522a90180df.wav,0.05083298683166504,6.496906280517578e-06,0.05083298683166504,-0.05082648992538452
gtzan_disco_a7ca503036cf2efb,0,gtzan,bonafide,gtzan:disco.00011,gtzan:disco.00011,False,audio/raw/gtzan/gtzan_disco_a7ca503036cf2efb.wav,0.0240020751953125,0.000510483980178833,0.0240020751953125,-0.023491591215133667
gtzan_hiphop_1cf35466b4b58336,0,gtzan,bonafide,gtzan:hiphop.00011,gtzan:hiphop.00011,False,audio/raw/gtzan/gtzan_hiphop_1cf35466b4b58336.wav,0.26862311363220215,2.9206275939941406e-06,0.26862311363220215,-0.26862019300460815
gtzan_hiphop_e6a7606a4da55718,0,gtzan,bonafide,gtzan:hiphop.00088,gtzan:hiphop.00088,False,audio/raw/gtzan/gtzan_hiphop_e6a7606a4da55718.wav,0.816980630159378,9.673833847045898e-05,0.816980630159378,-0.8168838918209076
gtzan_pop_dd6b13be29dd16d4,0,gtzan,bonafide,gtzan:pop.00033,gtzan:pop.00033,False,audio/raw/gtzan/gtzan_pop_dd6b13be29dd16d4.wav,0.9121708571910858,0.0003228187561035156,0.9121708571910858,-0.9118480384349823
gtzan_reggae_2cfdb8e66a8a3884,0,gtzan,bonafide,gtzan:reggae.00077,gtzan:reggae.00077,False,audio/raw/gtzan/gtzan_reggae_2cfdb8e66a8a3884.wav,0.9020856320858002,0.00040981173515319824,0.9020856320858002,-0.901675820350647
gtzan_reggae_ac7884b93f3c3989,0,gtzan,bonafide,gtzan:reggae.00000,gtzan:reggae.00000,False,audio/raw/gtzan/gtzan_reggae_ac7884b93f3c3989.wav,0.6748010516166687,0.00014662742614746094,0.6748010516166687,-0.6746544241905212
sonics_01_1673835843ae51e0,1,sonics,suno,sonics:fake_02490_suno_0,sonics:fake_02490_suno_0,True,audio/raw/sonics/sonics_01_1673835843ae51e0.wav,0.9999787211418152,0.07272329926490784,0.9999787211418152,-0.9272554218769073
sonics_01_3572830597c42532,1,sonics,suno,sonics:fake_05477_suno_1,sonics:fake_05477_suno_1,True,audio/raw/sonics/sonics_01_3572830597c42532.wav,0.999987781047821,0.06704488396644592,0.999987781047821,-0.9329428970813751
sonics_01_d8d1118fbf815248,1,sonics,udio,sonics:fake_04388_udio_0,sonics:fake_04388_udio_0,True,audio/raw/sonics/sonics_01_d8d1118fbf815248.wav,0.9995783865451813,8.344650268554688e-06,0.9995783865451813,-0.9995700418949127
sonics_03_89a7ac826d2cb25e,1,sonics,udio,sonics:fake_14336_udio_0,sonics:fake_14336_udio_0,True,audio/raw/sonics/sonics_03_89a7ac826d2cb25e.wav,0.7672504484653473,1.2516975402832031e-06,0.7672504484653473,-0.767249196767807
sonics_03_f9e6e093ce30f5fc,1,sonics,suno,sonics:fake_10991_suno_0,sonics:fake_10991_suno_0,True,audio/raw/sonics/sonics_03_f9e6e093ce30f5fc.wav,0.999851405620575,0.27061188220977783,0.999851405620575,-0.7292395234107971
sonics_04_47e33d46a11c5399,1,sonics,udio,sonics:fake_19137_udio_0,sonics:fake_19137_udio_0,True,audio/raw/sonics/sonics_04_47e33d46a11c5399.wav,0.9761757850646973,7.987022399902344e-06,0.9761757850646973,-0.9761677980422974
sonics_04_c5627e75a080dd66,1,sonics,suno,sonics:fake_20324_suno_0,sonics:fake_20324_suno_0,True,audio/raw/sonics/sonics_04_c5627e75a080dd66.wav,0.9999962449073792,0.1277182400226593,0.9999962449073792,-0.8722780048847198
sonics_06_744455ae86715fd9,1,sonics,udio,sonics:fake_28833_udio_1,sonics:fake_28833_udio_1,True,audio/raw/sonics/sonics_06_744455ae86715fd9.wav,0.9999313354492188,0.1840868890285492,0.9999313354492188,-0.8158444464206696
sonics_07_87695a6607dc0be4,1,sonics,suno,sonics:fake_38019_suno_0,sonics:fake_38019_suno_0,True,audio/raw/sonics/sonics_07_87695a6607dc0be4.wav,0.9997203648090363,0.0034328699111938477,0.9997203648090363,-0.9962874948978424
sonics_09_0229c1a19120745e,1,sonics,udio,sonics:fake_47228_udio_0,sonics:fake_47228_udio_0,True,audio/raw/sonics/sonics_09_0229c1a19120745e.wav,0.9998612105846405,0.5009813904762268,0.9998612105846405,-0.4988798201084137
sonics_09_a415a41247465a4e,1,sonics,udio,sonics:fake_45139_udio_1,sonics:fake_45139_udio_1,True,audio/raw/sonics/sonics_09_a415a41247465a4e.wav,0.998185783624649,0.15934893488883972,0.998185783624649,-0.8388368487358093
sonics_10_e238c43b8fa25ca8,1,sonics,udio,sonics:fake_54176_udio_0,sonics:fake_54176_udio_0,True,audio/raw/sonics/sonics_10_e238c43b8fa25ca8.wav,0.9922198951244354,0.3614710867404938,0.9922198951244354,-0.6307488083839417
sonics_fake_143b2f728f27fd20,1,sonics_fake,suno,sonics_fake:fake_00006_suno_1,sonics_fake:fake_00006_suno_1,True,audio/raw/sonics_fake/sonics_fake_143b2f728f27fd20.wav,0.9996892809867859,0.001067131757736206,0.9996892809867859,-0.9986221492290497
sonics_fake_e0f7c0803c614989,1,sonics_fake,suno,sonics_fake:fake_00001_suno_0,sonics_fake:fake_00001_suno_0,True,audio/raw/sonics_fake/sonics_fake_e0f7c0803c614989.wav,0.9999939203262329,0.01705816388130188,0.9999939203262329,-0.982935756444931
stem_accompaniment_47c2174f79e77284,0,derived:htdemucs_stem,bonafide,gtzan:blues.00099,gtzan:blues.00099,False,audio/derived/separation/stem_accompaniment_47c2174f79e77284.wav,0.003175586462020874,2.86102294921875e-06,0.003175586462020874,-0.0031727254390716553
stem_accompaniment_5a149e150e9f2d71,1,derived:htdemucs_stem,musicgen_medium,musiccaps:JlzlNpttvVM,musiccaps:JlzlNpttvVM,True,audio/derived/separation/stem_accompaniment_5a149e150e9f2d71.wav,0.9999957084655762,0.996995210647583,0.9999957084655762,-0.003000497817993164
